Date,Adj Close,cash-rate
2018-07-20,0.736279,1.50
2018-07-23,0.743301,1.50
2018-07-24,0.738007,1.50
2018-07-25,0.742622,1.50
2018-07-26,0.74594,1.50
2018-07-27,0.738007,1.50
2018-07-30,0.740083,1.50
2018-07-31,0.74073,1.50
2018-08-01,0.74195,1.50
2018-08-02,0.740582,1.50
2018-08-03,0.736008,1.50
2018-08-06,0.73959,1.50
2018-08-07,0.738552,1.50
2018-08-08,0.742446,1.50
2018-08-09,0.742777,1.50
2018-08-10,0.737246,1.50
2018-08-13,0.72881,1.50
2018-08-14,0.726797,1.50
2018-08-15,0.723589,1.50
2018-08-16,0.723369,1.50
2018-08-17,0.725953,1.50
2018-08-20,0.730818,1.50
2018-08-21,0.733649,1.50
2018-08-22,0.735981,1.50
2018-08-23,0.733299,1.50
2018-08-24,0.724323,1.50
2018-08-27,0.734408,1.50
2018-08-28,0.734862,1.50
2018-08-29,0.734107,1.50
2018-08-30,0.731192,1.50
2018-08-31,0.726164,1.50
2018-09-03,0.719321,1.50
2018-09-04,0.720825,1.50
2018-09-05,0.718339,1.50
2018-09-06,0.719611,1.50
2018-09-07,0.719062,1.50
2018-09-10,0.711794,1.50
2018-09-11,0.710985,1.50
2018-09-12,0.711071,1.50
2018-09-13,0.717062,1.50
2018-09-14,0.718804,1.50
2018-09-17,0.714592,1.50
2018-09-18,0.714592,1.50
2018-09-19,0.722601,1.50
2018-09-20,0.725953,1.50
2018-09-21,0.728651,1.50
2018-09-24,0.727855,1.50
2018-09-25,0.725321,1.50
2018-09-26,0.7249,1.50
2018-09-27,0.725789,1.50
2018-09-28,0.720513,1.50
2018-10-01,0.722392,1.50
2018-10-02,0.722857,1.50
2018-10-03,0.718752,1.50
2018-10-04,0.709623,1.50
2018-10-05,0.7081,1.50
2018-10-08,0.705288,1.50
2018-10-09,0.707364,1.50
2018-10-10,0.711491,1.50
2018-10-11,0.706414,1.50
2018-10-12,0.712454,1.50
2018-10-15,0.710783,1.50
2018-10-16,0.713542,1.50
2018-10-17,0.713913,1.50
2018-10-18,0.711101,1.50
2018-10-19,0.709723,1.50
2018-10-22,0.711329,1.50
2018-10-23,0.707269,1.50
2018-10-24,0.709119,1.50
2018-10-25,0.706299,1.50
2018-10-26,0.708115,1.50
2018-10-29,0.709774,1.50
2018-10-30,0.706329,1.50
2018-10-31,0.709925,1.50
2018-11-01,0.708316,1.50
2018-11-02,0.720513,1.50
2018-11-05,0.719828,1.50
2018-11-06,0.721293,1.50
2018-11-07,0.72436,1.50
2018-11-08,0.72759,1.50
2018-11-09,0.726681,1.50
2018-11-12,0.7227,1.50
2018-11-13,0.717566,1.50
2018-11-14,0.723139,1.50
2018-11-15,0.723484,1.50
2018-11-16,0.727167,1.50
2018-11-19,0.731797,1.50
2018-11-20,0.729501,1.50
2018-11-21,0.721657,1.50
2018-11-22,0.726216,1.50
2018-11-23,0.725021,1.50
2018-11-26,0.72338,1.50
2018-11-27,0.72235,1.50
2018-11-28,0.722961,1.50
2018-11-29,0.730252,1.50
2018-11-30,0.732188,1.50
2018-12-03,0.737311,1.50
2018-12-04,0.735689,1.50
2018-12-05,0.734592,1.50
2018-12-06,0.726639,1.50
2018-12-07,0.723118,1.50
2018-12-10,0.718494,1.50
2018-12-11,0.719099,1.50
2018-12-12,0.721293,1.50
2018-12-13,0.722126,1.50
2018-12-14,0.722491,1.50
2018-12-17,0.717566,1.50
2018-12-18,0.717721,1.50
2018-12-19,0.718804,1.50
2018-12-20,0.711389,1.50
2018-12-21,0.711592,1.50
2018-12-24,0.70502,1.50
2018-12-25,0.705219,#N/A
2018-12-26,0.704612,#N/A
2018-12-27,0.707479,1.50
2018-12-28,0.703532,1.50
2018-12-31,0.704473,1.50
2019-01-01,0.704176,#N/A
2019-01-02,0.704791,1.50
2019-01-03,0.691898,1.50
2019-01-04,0.700624,1.50
2019-01-07,0.712378,1.50
2019-01-08,0.714592,1.50
2019-01-09,0.716332,1.50
2019-01-10,0.717566,1.50
2019-01-11,0.718701,1.50
2019-01-14,0.720513,1.50
2019-01-15,0.719942,1.50
2019-01-16,0.720767,1.50
2019-01-17,0.717309,1.50
2019-01-18,0.719031,1.50
2019-01-21,0.716384,1.50
2019-01-22,0.715891,1.50
2019-01-23,0.71221,1.50
2019-01-24,0.714796,1.50
2019-01-25,0.709119,1.50
2019-01-28,0.717942,#N/A
2019-01-29,0.716599,1.50
2019-01-30,0.715922,1.50
2019-01-31,0.725468,1.50
2019-02-01,0.727167,1.50
2019-02-04,0.7249,1.50
2019-02-05,0.721402,1.50
2019-02-06,0.724375,1.50
2019-02-07,0.710995,1.50
2019-02-08,0.709542,1.50
2019-02-11,0.710177,1.50
2019-02-12,0.706349,1.50
2019-02-13,0.71048,1.50
2019-02-14,0.70922,1.50
2019-02-15,0.710328,1.50
2019-02-18,0.714541,1.50
2019-02-19,0.713216,1.50
2019-02-20,0.716692,1.50
2019-02-21,0.717,1.50
2019-02-22,0.710884,1.50
2019-02-25,0.715922,1.50
2019-02-26,0.717412,1.50
2019-02-27,0.719399,1.50
2019-02-28,0.714847,1.50
2019-03-01,0.710278,1.50
2019-03-04,0.710031,1.50
2019-03-05,0.70922,1.50
2019-03-06,0.708742,1.50
2019-03-07,0.703482,1.50
2019-03-08,0.702346,1.50
2019-03-11,0.703928,1.50
2019-03-12,0.707339,1.50
2019-03-13,0.706414,1.50
2019-03-14,0.708717,1.50
2019-03-15,0.706814,1.50
2019-03-18,0.708291,1.50
2019-03-19,0.709975,1.50
2019-03-20,0.708968,1.50
2019-03-21,0.713521,1.50
2019-03-22,0.710783,1.50
2019-03-25,0.708316,1.50
2019-03-26,0.711612,1.50
2019-03-27,0.713699,1.50
2019-03-28,0.708451,1.50
2019-03-29,0.708316,1.50
2019-04-01,0.711389,1.50
2019-04-02,0.71099,1.50
2019-04-03,0.705841,1.50
2019-04-04,0.711749,1.50
2019-04-05,0.711035,1.50
2019-04-08,0.710177,1.50
2019-04-09,0.712159,1.50
2019-04-10,0.712911,1.50
2019-04-11,0.716692,1.50
2019-04-12,0.712251,1.50
2019-04-15,0.717309,1.50
2019-04-16,0.717618,1.50
2019-04-17,0.716492,1.50
2019-04-18,0.717412,1.50
2019-04-19,0.714796,#N/A
2019-04-22,0.715103,#N/A
2019-04-23,0.713725,1.50
2019-04-24,0.709668,1.50
2019-04-25,0.701459,#N/A
2019-04-26,0.701779,1.50
2019-04-29,0.704429,1.50
2019-04-30,0.705517,1.50
2019-05-01,0.705129,1.50
2019-05-02,0.701459,1.50
2019-05-03,0.699545,1.50
2019-05-06,0.697331,1.50
2019-05-07,0.699252,1.50
2019-05-08,0.700849,1.50
2019-05-09,0.699496,1.50
2019-05-10,0.698709,1.50
2019-05-13,0.698509,1.50
2019-05-14,0.694589,1.50
2019-05-15,0.693914,1.50
2019-05-16,0.692713,1.50
2019-05-17,0.689322,1.50
2019-05-20,0.690322,1.50
2019-05-21,0.692061,1.50
2019-05-22,null,1.50
2019-05-23,0.687758,1.50
2019-05-24,0.68996,1.50
2019-05-27,0.693289,1.50
2019-05-28,0.691994,1.50
2019-05-29,0.692617,1.50
2019-05-30,0.69184,1.50
2019-05-31,0.690608,1.50
2019-06-03,0.692962,1.50
2019-06-04,0.697204,1.50
2019-06-05,0.699139,1.25
2019-06-06,0.697107,1.25
2019-06-07,0.697545,1.25
2019-06-10,0.699589,#N/A
2019-06-11,0.696112,1.25
2019-06-12,0.696088,1.25
2019-06-13,0.693049,1.25
2019-06-14,0.691324,1.25
2019-06-17,0.68789,1.25
2019-06-18,0.685401,1.25
2019-06-19,0.688042,1.25
2019-06-20,0.688549,1.25
2019-06-21,0.692238,1.25
2019-06-24,0.69443,1.25
2019-06-25,0.696568,1.25
2019-06-26,0.696185,1.25
2019-06-27,0.698661,1.25
2019-06-28,0.700378,1.25
2019-07-01,0.702331,1.25
2019-07-02,0.696476,1.25
2019-07-03,0.699594,1.00
2019-07-04,0.703131,1.00
2019-07-05,0.702538,1.00
2019-07-08,0.698275,1.00
2019-07-09,0.697399,1.00
2019-07-10,0.692713,1.00
2019-07-11,0.696185,1.00
2019-07-12,0.697258,1.00
2019-07-15,0.701779,1.00
2019-07-16,0.704002,1.00
2019-07-17,0.701656,1.00
2019-07-18,0.701016,1.00
2019-07-19,0.706719,1.00
2019-07-22,0.70431,1.00
2019-07-23,0.703185,1.00
2019-07-24,0.699741,1.00
2019-07-25,0.697934,1.00
2019-07-26,0.695217,1.00
2019-07-29,0.690622,1.00
2019-07-30,0.689941,1.00
2019-07-31,0.687522,1.00
2019-08-01,0.68465,1.00
2019-08-02,0.680351,1.00
2019-08-05,0.679302,1.00
2019-08-06,0.676352,1.00
2019-08-07,0.676302,1.00
2019-08-08,0.675813,1.00
2019-08-09,0.681171,1.00
2019-08-12,0.677681,1.00
2019-08-13,0.675589,1.00
2019-08-14,0.679777,1.00
2019-08-15,0.675402,1.00
2019-08-16,0.677277,1.00
2019-08-19,0.678661,1.00
2019-08-20,0.675584,1.00
2019-08-21,0.677521,1.00
2019-08-22,0.6785,1.00
2019-08-23,0.675584,1.00
2019-08-26,0.670808,1.00
2019-08-27,0.676956,1.00
2019-08-28,0.675438,1.00
2019-08-29,0.673959,1.00
2019-08-30,0.673582,1.00
2019-09-02,0.672766,1.00
2019-09-03,0.671249,1.00
2019-09-04,0.676398,1.00
2019-09-05,0.679995,1.00
2019-09-06,0.68118,1.00
2019-09-09,0.684669,1.00
2019-09-10,0.68653,1.00
2019-09-11,0.685852,1.00
2019-09-12,0.68738,1.00
2019-09-13,0.686389,1.00
2019-09-16,0.687994,1.00
2019-09-17,0.686295,1.00
2019-09-18,0.686625,1.00
2019-09-19,0.682571,1.00
2019-09-20,0.679279,1.00
2019-09-23,0.676901,1.00
2019-09-24,0.677599,1.00
2019-09-25,0.679948,1.00
2019-09-26,0.675539,1.00
2019-09-27,0.675402,1.00
2019-09-30,0.676087,1.00
2019-10-01,0.675311,1.00
2019-10-02,0.670871,0.75
2019-10-03,0.670961,0.75
2019-10-04,0.674532,0.75
2019-10-07,0.676453,0.75
2019-10-08,0.673251,0.75
2019-10-09,0.672812,0.75
2019-10-10,0.671817,0.75
2019-10-11,0.67632,0.75
2019-10-14,0.679639,0.75
2019-10-15,0.67754,0.75
2019-10-16,0.67532,0.75
2019-10-17,0.675639,0.75
2019-10-18,0.682547,0.75
2019-10-21,0.684772,0.75
2019-10-22,0.687059,0.75
2019-10-23,0.68613,0.75
2019-10-24,0.68503,0.75
2019-10-25,0.681663,0.75
2019-10-28,0.6824,0.75
2019-10-29,0.68396,0.75
2019-10-30,0.685589,0.75
2019-10-31,0.689788,0.75
2019-11-01,0.689299,0.75
2019-11-04,0.6918,0.75
2019-11-05,0.689028,0.75
2019-11-06,0.689085,0.75
2019-11-07,0.68773,0.75
2019-11-08,0.6861,0.75
2019-11-11,0.6858,0.75
2019-11-12,0.685025,0.75
2019-11-13,0.6844,0.75
2019-11-14,0.68395,0.75
2019-11-15,0.678831,0.75
2019-11-18,0.681598,0.75
2019-11-19,0.680522,0.75
2019-11-20,0.68249,0.75
2019-11-21,0.6799,0.75
2019-11-22,0.678942,0.75
2019-11-25,0.6792,0.75
2019-11-26,0.67764,0.75
2019-11-27,0.6789,0.75
2019-11-28,0.67672,0.75
2019-11-29,0.6769,0.75
2019-12-02,0.67648,0.75
2019-12-03,0.681882,0.75
2019-12-04,0.68487,0.75
2019-12-05,0.68496,0.75
2019-12-06,0.6833,0.75
2019-12-09,0.683532,0.75
2019-12-10,0.6828,0.75
2019-12-11,0.68114,0.75
2019-12-12,0.687049,0.75
2019-12-13,0.692713,0.75
2019-12-16,0.687479,0.75
2019-12-17,0.687432,0.75
2019-12-18,0.68526,0.75
2019-12-19,0.68547,0.75
2019-12-20,0.6893,0.75
2019-12-23,0.69039,0.75
2019-12-24,0.69252,0.75
2019-12-25,0.692185,#N/A
2019-12-26,0.692473,#N/A
2019-12-27,0.694637,0.75
2019-12-30,0.6983,0.75
2019-12-31,0.70014,0.75
2020-01-01,0.7017,#N/A
2020-01-02,0.701951,0.75
2020-01-03,0.698519,0.75
2020-01-06,0.69442,0.75
2020-01-07,0.693731,0.75
2020-01-08,0.68604,0.75
2020-01-09,0.68738,0.75
2020-01-10,0.685321,0.75
2020-01-13,0.69006,0.75
2020-01-14,0.68989,0.75
2020-01-15,0.689655,0.75
2020-01-16,0.69078,0.75
2020-01-17,0.6901,0.75
2020-01-20,0.688179,0.75
2020-01-21,0.68764,0.75
2020-01-22,0.68469,0.75
2020-01-23,0.684299,0.75
2020-01-24,0.68398,0.75
2020-01-27,0.680189,#N/A
2020-01-28,0.67617,0.75
2020-01-29,0.676421,0.75
2020-01-30,0.675219,0.75
2020-01-31,0.670826,0.75
2020-02-03,0.669362,0.75
2020-02-04,0.66905,0.75
2020-02-05,0.673179,0.75
2020-02-06,0.67518,0.75
2020-02-07,0.6734,0.75
2020-02-10,0.667232,0.75
2020-02-11,0.66901,0.75
2020-02-12,0.6721,0.75
2020-02-13,0.67132,0.75
2020-02-14,0.6722,0.75
2020-02-17,0.672599,0.75
2020-02-18,0.6712,0.75
2020-02-19,0.6696,0.75
2020-02-20,0.6684,0.75
2020-02-21,0.66138,0.75
2020-02-24,0.66069,0.75
2020-02-25,0.661201,0.75
2020-02-26,0.66052,0.75
2020-02-27,0.654652,0.75
2020-02-28,0.65802,0.75
2020-03-02,0.651631,0.75
2020-03-03,0.65475,0.75
2020-03-04,0.65822,0.50
2020-03-05,0.66269,0.50
2020-03-06,0.661551,0.50
2020-03-09,0.661358,0.50
2020-03-10,0.6598,0.50
2020-03-11,0.64991,0.50
2020-03-12,0.64794,0.50
2020-03-13,0.627412,0.50
2020-03-16,0.617768,0.50
2020-03-17,0.609942,0.50
2020-03-18,0.59922,0.50
2020-03-19,0.58098,0.50
2020-03-20,0.57429,0.25
2020-03-23,0.575331,0.25
2020-03-24,0.58766,0.25
2020-03-25,0.59755,0.25
2020-03-26,0.59081,0.25
2020-03-27,0.60791,0.25
2020-03-30,0.618058,0.25
2020-03-31,0.616899,0.25
2020-04-01,0.6137,0.25
2020-04-02,0.60914,0.25
2020-04-03,0.606322,0.25
2020-04-06,0.59947,0.25
2020-04-07,0.61176,0.25
2020-04-08,0.61522,0.25
2020-04-09,0.623531,0.25
2020-04-10,0.63326,#N/A
2020-04-13,0.633521,#N/A
2020-04-14,0.640111,0.25
2020-04-15,0.64343,0.25
2020-04-16,0.63089,0.25
2020-04-17,0.63586,0.25
2020-04-20,0.634019,0.25
2020-04-21,0.63457,0.25
2020-04-22,0.6294,0.25
2020-04-23,0.6299,0.25
2020-04-24,0.63768,0.25
2020-04-27,0.639754,0.25
2020-04-28,0.644912,0.25
2020-04-29,0.65027,0.25
2020-04-30,0.655501,0.25
2020-05-01,0.64955,0.25
2020-05-04,0.637682,0.25
2020-05-05,0.642612,0.25
2020-05-06,0.6436,0.25
2020-05-07,0.639076,0.25
2020-05-08,0.65033,0.25
2020-05-11,0.65371,0.25
2020-05-12,0.648466,0.25
2020-05-13,0.64553,0.25
2020-05-14,0.645494,0.25
2020-05-15,0.647124,0.25
2020-05-18,0.642579,0.25
2020-05-19,0.6526,0.25
2020-05-20,0.654009,0.25
2020-05-21,0.65923,0.25
2020-05-22,0.656689,0.25
2020-05-25,0.654579,0.25
2020-05-26,0.65474,0.25
2020-05-27,0.66467,0.25
2020-05-28,0.662081,0.25
2020-05-29,0.66335,0.25
2020-06-01,0.665978,0.25
2020-06-02,0.6786,0.25
2020-06-03,0.69142,0.25
2020-06-04,0.692905,0.25
2020-06-05,0.69399,0.25
2020-06-08,0.70024,#N/A
2020-06-09,0.702449,0.25
2020-06-10,0.6943,0.25
2020-06-11,0.69683,0.25
2020-06-12,0.683088,0.25
2020-06-15,0.682501,0.25
2020-06-16,0.69582,0.25
2020-06-17,0.689532,0.25
2020-06-18,0.68757,0.25
2020-06-19,0.685721,0.25
2020-06-22,0.682291,0.25
2020-06-23,0.69316,0.25
2020-06-24,0.69403,0.25
2020-06-25,0.685678,0.25
2020-06-26,0.688819,0.25
2020-06-29,0.686191,0.25
2020-06-30,0.687191,0.25
2020-07-01,0.6902,0.25
2020-07-02,0.691324,0.25
2020-07-03,0.69192,0.25
2020-07-06,0.69484,0.25
2020-07-07,0.6977,0.25
2020-07-08,0.694232,0.25
2020-07-09,0.69891,0.25
2020-07-10,0.695894,0.25
2020-07-13,0.695028,0.25
2020-07-14,0.694011,0.25
2020-07-15,0.6989,0.25
2020-07-16,0.700918,0.25
2020-07-17,0.6978,0.25
2020-07-20,0.7005,0.25
2020-07-21,0.702593,0.25
2020-07-22,0.71356,0.25
2020-07-23,0.714082,0.25
2020-07-24,0.71001,0.25
2020-07-27,0.709819,0.25
2020-07-28,0.7159,0.25
2020-07-29,0.716025,0.25
2020-07-30,0.71717,0.25
2020-07-31,0.720368,0.25
2020-08-03,0.714689,0.25
2020-08-04,0.711794,0.25
2020-08-05,0.71771,0.25
2020-08-06,0.71991,0.25
2020-08-07,0.7231,0.25
2020-08-10,0.715712,0.25
2020-08-11,0.7158,0.25
2020-08-12,0.71452,0.25
2020-08-13,0.716486,0.25
2020-08-14,0.71488,0.25
2020-08-17,0.719259,0.25
2020-08-18,0.721813,0.25
2020-08-19,0.725795,0.25
2020-08-20,0.718804,0.25
2020-08-21,0.720612,0.25
2020-08-24,0.716137,0.25
2020-08-25,0.71689,0.25
2020-08-26,0.719932,0.25
2020-08-27,0.724501,0.25
2020-08-28,0.72699,0.25
2020-08-31,0.7373,0.25
2020-09-01,0.7381,0.25
2020-09-02,0.737849,0.25
2020-09-03,0.733111,0.25
2020-09-04,0.725584,0.25
2020-09-07,0.728221,0.25
2020-09-08,0.7281,0.25
2020-09-09,0.72094,0.25
2020-09-10,0.72766,0.25
2020-09-11,0.7263,0.25
2020-09-14,0.728152,0.25
2020-09-15,0.7286,0.25
2020-09-16,0.729682,0.25
2020-09-17,0.72955,0.25
2020-09-18,0.73131,0.25
2020-09-21,0.729341,0.25
2020-09-22,0.723118,0.25
2020-09-23,0.717443,0.25
2020-09-24,0.7069,0.25
2020-09-25,0.705716,0.25
2020-09-28,0.704191,0.25
2020-09-29,0.70952,0.25
2020-09-30,0.71436,0.25
2020-10-01,0.716651,0.25
2020-10-02,0.718288,0.25
2020-10-05,0.717721,0.25
2020-10-06,0.719321,0.25
2020-10-07,0.71101,0.25
2020-10-08,0.71382,0.25
2020-10-09,0.7178,0.25
2020-10-12,0.72246,0.25
2020-10-13,0.721188,0.25
2020-10-14,0.71644,0.25
2020-10-15,0.714148,0.25
2020-10-16,0.70884,0.25
2020-10-19,0.7096,0.25
2020-10-20,0.705617,0.25
2020-10-21,0.705,0.25
2020-10-22,0.71056,0.25
2020-10-23,0.71261,0.25
2020-10-26,0.713201,0.25
2020-10-27,0.71171,0.25
2020-10-28,0.71231,0.25
2020-10-29,0.70552,0.25
2020-10-30,0.70376,0.25
2020-11-02,0.70082,0.25
2020-11-03,0.70537,0.25
2020-11-04,0.719683,0.10
2020-11-05,0.71805,0.10
2020-11-06,0.72627,0.10
2020-11-09,0.728672,0.10
2020-11-10,0.7282,0.10
2020-11-11,0.72817,0.10
2020-11-12,0.728428,0.10
2020-11-13,0.724019,0.10
2020-11-16,0.729081,0.10
2020-11-17,0.7321,0.10
2020-11-18,0.7296,0.10
2020-11-19,0.730199,0.10
2020-11-20,0.72691,0.10
2020-11-23,0.7317,0.10
2020-11-24,0.72982,0.10
2020-11-25,0.73667,0.10
2020-11-26,0.736485,0.10
2020-11-27,0.7358,0.10
2020-11-30,0.740028,0.10
2020-12-01,0.73568,0.10
2020-12-02,0.738089,0.10
2020-12-03,0.7418,0.10
2020-12-04,0.7439,0.10
2020-12-07,0.743157,0.10
2020-12-08,0.74176,0.10
2020-12-09,0.7411,0.10
2020-12-10,0.7435,0.10
2020-12-11,0.75244,0.10
2020-12-14,0.75511,0.10
2020-12-15,0.75392,0.10
2020-12-16,0.755561,0.10
2020-12-17,0.757,0.10
2020-12-18,0.76153,0.10
2020-12-21,0.758743,0.10
2020-12-22,0.75752,0.10
2020-12-23,0.75517,0.10
2020-12-24,0.75796,0.10
2020-12-25,0.76068,#N/A
2020-12-28,0.761191,#N/A
2020-12-29,0.758892,0.10
2020-12-30,0.76099,0.10
2020-12-31,0.768929,0.10
2021-01-01,0.770297,#N/A
2021-01-04,0.77123,0.10
2021-01-05,0.7671,0.10
2021-01-06,0.7766,0.10
2021-01-07,0.7817,0.10
2021-01-08,0.7769,0.10
2021-01-11,0.771653,0.10
2021-01-12,0.77075,0.10
2021-01-13,0.777605,0.10
2021-01-14,0.774713,0.10
2021-01-15,0.77758,0.10
2021-01-18,0.768888,0.10
2021-01-19,0.768699,0.10
2021-01-20,0.77118,0.10
2021-01-21,0.77557,0.10
2021-01-22,0.776102,0.10
2021-01-25,0.77158,0.10
2021-01-26,0.7719,#N/A
2021-01-27,0.775314,0.10
2021-01-28,0.7651,0.10
2021-01-29,0.76697,0.10
2021-02-01,0.761998,0.10
2021-02-02,0.76346,0.10
2021-02-03,0.760821,0.10
2021-02-04,0.7636,0.10
2021-02-05,0.7603,0.10
2021-02-08,0.76792,0.10
2021-02-09,0.7711,0.10
2021-02-10,0.77405,0.10
2021-02-11,0.772535,0.10
2021-02-12,0.7754,0.10
2021-02-15,0.77641,0.10
2021-02-16,0.77862,0.10
2021-02-17,0.77379,0.10
2021-02-18,0.77587,0.10
2021-02-19,0.7768,0.10
2021-02-22,0.788849,0.10
2021-02-23,0.79154,0.10
2021-02-24,0.790883,0.10
2021-02-25,0.797703,0.10
2021-02-26,0.787,0.10
2021-03-01,0.775242,0.10
2021-03-02,0.7772,0.10
2021-03-03,0.78252,0.10
2021-03-04,0.77581,0.10
2021-03-05,0.77156,0.10
2021-03-08,0.77091,0.10
2021-03-09,0.765667,0.10
2021-03-10,0.771784,0.10
2021-03-11,0.7732,0.10
2021-03-12,0.778762,0.10
2021-03-15,0.7763,0.10
2021-03-16,0.775014,0.10
2021-03-17,0.774557,0.10
2021-03-18,0.7813,0.10
2021-03-19,0.77537,0.10
2021-03-22,0.77225,0.10
2021-03-23,0.77455,0.10
2021-03-24,0.76047,0.10
2021-03-25,0.7591,0.10
2021-03-26,0.7594,0.10
2021-03-29,0.763738,0.10
2021-03-30,0.764117,0.10
2021-03-31,0.76088,0.10
2021-04-01,0.75941,0.10
2021-04-02,0.7619,#N/A
2021-04-05,0.7621,#N/A
2021-04-06,0.765873,0.10
2021-04-07,0.766695,0.10
2021-04-08,0.761388,0.10
2021-04-09,0.7659,0.10
2021-04-12,0.7626,0.10
2021-04-13,0.762771,0.10
2021-04-14,0.76475,0.10
2021-04-15,0.77251,0.10
2021-04-16,0.77517,0.10
2021-04-19,0.771403,0.10
2021-04-20,0.7767,0.10
2021-04-21,0.77238,0.10
2021-04-22,0.77544,0.10
2021-04-23,0.770535,0.10
2021-04-26,0.774311,0.10
2021-04-27,0.77997,0.10
2021-04-28,0.777,0.10
2021-04-29,0.78013,0.10
2021-04-30,0.777762,0.10
2021-05-03,0.7723,0.10
2021-05-04,0.775891,0.10
2021-05-05,0.77138,0.10
2021-05-06,0.77512,0.10
2021-05-07,0.778731,0.10
2021-05-10,0.785879,0.10
2021-05-11,0.7839,0.10
2021-05-12,0.78381,0.10
2021-05-13,0.77323,0.10
2021-05-14,0.77262,0.10
2021-05-17,0.777871,0.10
2021-05-18,0.77737,0.10
2021-05-19,0.778998,0.10
2021-05-20,0.77203,0.10
2021-05-21,0.777,0.10
2021-05-24,0.773,0.10
2021-05-25,0.77508,0.10
2021-05-26,0.775314,0.10
2021-05-27,0.77399,0.10
2021-05-28,0.77425,0.10
2021-05-31,0.77101,0.10
2021-06-01,0.77435,0.10
2021-06-02,0.77559,0.10
2021-06-03,0.77443,0.10
2021-06-04,0.766577,0.10
2021-06-07,0.7744,0.10
2021-06-08,0.77563,0.10
2021-06-09,0.7737,0.10
2021-06-10,0.77295,0.10
2021-06-11,0.7748,0.10
2021-06-14,0.770891,#N/A
2021-06-15,0.7712,0.10
2021-06-16,0.768622,0.10
2021-06-17,0.761673,0.10
2021-06-18,0.75569,0.10
2021-06-21,0.7504,0.10
2021-06-22,0.75349,0.10
2021-06-23,0.755481,0.10
2021-06-24,0.757444,0.10
2021-06-25,0.758208,0.10
2021-06-28,0.7595,0.10
2021-06-29,0.75684,0.10
2021-06-30,0.75136,0.10
2021-07-01,0.74977,0.10
2021-07-02,0.746581,0.10
2021-07-05,0.75186,0.10
2021-07-06,0.7543,0.10
2021-07-07,0.7495,0.10
2021-07-08,0.748441,0.10
2021-07-09,0.743329,0.10
2021-07-12,0.749008,0.10
2021-07-13,0.7481,0.10
2021-07-14,0.7442,0.10
2021-07-15,0.748038,0.10
2021-07-16,0.7423,0.10
2021-07-19,0.7391,0.10
2021-07-20,0.73392,0.10
2021-07-21,0.733891,0.10
2021-07-22,0.735262,0.10
2021-07-23,0.73805,0.10
2021-07-26,0.736822,0.10
2021-07-27,0.738825,0.10
2021-07-28,0.736637,0.10
2021-07-29,0.73771,0.10
2021-07-30,0.73961,0.10
2021-08-02,0.734231,0.10
2021-08-03,0.73606,0.10
2021-08-04,0.73968,0.10
2021-08-05,0.7383,0.10
2021-08-06,0.7403,0.10
2021-08-09,0.733783,0.10
2021-08-10,0.7331,0.10
2021-08-11,0.73438,0.10
2021-08-12,0.737409,0.10
2021-08-13,0.73415,0.10
2021-08-16,0.736572,0.10
2021-08-17,0.734107,0.10
2021-08-18,0.72556,0.10
2021-08-19,0.7231,0.10
2021-08-20,0.71462,0.10
2021-08-23,0.71398,0.10
2021-08-24,0.72096,0.10
2021-08-25,0.72488,0.10
2021-08-26,0.72766,0.10
2021-08-27,0.72384,0.10
2021-08-30,0.731598,0.10
2021-08-31,0.729123,0.10
2021-09-01,0.73179,0.10
2021-09-02,0.7368,0.10
2021-09-03,0.73993,0.10
2021-09-06,0.744502,0.10
2021-09-07,0.743671,0.10
2021-09-08,0.73866,0.10
2021-09-09,0.736377,0.10
2021-09-10,0.737083,0.10
2021-09-13,0.736811,0.10
2021-09-14,0.73659,0.10
2021-09-15,0.73171,0.10
2021-09-16,0.73412,0.10
2021-09-17,0.72915,0.10
2021-09-20,0.726401,0.10
2021-09-21,0.72597,0.10
2021-09-22,0.7228,0.10
2021-09-23,0.7234,0.10
2021-09-24,0.72998,0.10
2021-09-27,0.726612,0.10
2021-09-28,0.72806,0.10
2021-09-29,0.724428,0.10
2021-09-30,0.718,0.10
2021-10-01,0.723118,0.10
2021-10-04,0.727521,0.10
2021-10-05,0.72897,0.10
2021-10-06,0.729075,0.10
2021-10-07,0.728141,0.10
2021-10-08,0.73168,0.10
2021-10-11,0.72949,0.10
2021-10-12,0.73484,0.10
2021-10-13,0.733509,0.10
2021-10-14,0.738607,0.10
2021-10-15,0.74138,0.10
2021-10-18,0.742479,0.10
2021-10-19,0.7417,0.10
2021-10-20,0.747719,0.10
2021-10-21,0.75153,0.10
2021-10-22,0.74637,0.10
2021-10-25,0.74691,0.10
2021-10-26,0.74918,0.10
2021-10-27,0.751298,0.10
2021-10-28,0.750075,0.10
2021-10-29,0.75316,0.10
2021-11-01,0.751829,0.10
2021-11-02,0.75205,0.10
2021-11-03,0.7439,0.10
2021-11-04,0.7469,0.10
2021-11-05,0.740933,0.10
2021-11-08,0.73959,0.10
2021-11-09,0.74148,0.10
2021-11-10,0.73762,0.10
2021-11-11,0.733412,0.10
2021-11-12,0.7292,0.10
2021-11-15,0.733251,0.10
2021-11-16,0.73449,0.10
2021-11-17,0.730161,0.10
2021-11-18,0.72686,0.10
2021-11-19,0.7279,0.10
2021-11-22,0.72317,0.10
2021-11-23,0.722804,0.10
2021-11-24,0.72222,0.10
2021-11-25,0.7202,0.10
2021-11-26,0.71737,0.10
2021-11-29,0.714281,0.10
2021-11-30,0.71458,0.10
2021-12-01,0.7125,0.10
2021-12-02,0.71076,0.10
2021-12-03,0.70878,0.10
2021-12-06,0.70179,0.10
2021-12-07,0.70492,0.10
2021-12-08,0.71226,0.10
2021-12-09,0.717,0.10
2021-12-10,0.714612,0.10
2021-12-13,0.71661,0.10
2021-12-14,0.713318,0.10
2021-12-15,0.7106,0.10
2021-12-16,0.71665,0.10
2021-12-17,0.717561,0.10
2021-12-20,0.711698,0.10
2021-12-21,0.71095,0.10
2021-12-22,0.71478,0.10
2021-12-23,0.7214,0.10
2021-12-24,0.72332,0.10
2021-12-27,0.723129,#N/A
2021-12-28,0.7237,#N/A
2021-12-29,0.7234,0.10
2021-12-30,0.725879,0.10
2021-12-31,0.72498,0.10
2022-01-03,0.726818,#N/A
2022-01-04,0.7198,0.10
2022-01-05,0.72388,0.10
2022-01-06,0.72208,0.10
2022-01-07,0.71626,0.10
2022-01-10,0.717911,0.10
2022-01-11,0.7181,0.10
2022-01-12,0.72098,0.10
2022-01-13,0.728221,0.10
2022-01-14,0.728226,0.10
2022-01-17,0.721652,0.10
2022-01-18,0.72108,0.10
2022-01-19,0.71875,0.10
2022-01-20,0.7217,0.10
2022-01-21,0.721709,0.10
2022-01-24,0.718788,0.10
2022-01-25,0.71545,0.10
2022-01-26,0.71588,#N/A
2022-01-27,0.7123,0.10
2022-01-28,0.70355,0.10
2022-01-31,0.6998,0.10
2022-02-01,0.70683,0.10
2022-02-02,0.713399,0.10
2022-02-03,0.71208,0.10
2022-02-04,0.7145,0.10
2022-02-07,0.70803,0.10
2022-02-08,0.713,0.10
2022-02-09,0.714592,0.10
2022-02-10,0.717741,0.10
2022-02-11,0.71617,0.10
2022-02-14,0.71448,0.10
2022-02-15,0.71321,0.10
2022-02-16,0.714909,0.10
2022-02-17,0.71945,0.10
2022-02-18,0.718933,0.10
2022-02-21,0.71717,0.10
2022-02-22,0.71845,0.10
2022-02-23,0.72269,0.10
2022-02-24,0.7228,0.10
2022-02-25,0.71602,0.10
2022-02-28,0.718649,0.10
2022-03-01,0.7262,0.10
2022-03-02,0.726143,0.10
2022-03-03,0.729341,0.10
2022-03-04,0.7337,0.10
2022-03-07,0.739481,0.10
2022-03-08,0.73285,0.10
2022-03-09,0.726792,0.10
2022-03-10,0.73169,0.10
2022-03-11,0.7366,0.10
2022-03-14,0.72965,0.10
2022-03-15,0.71987,0.10
2022-03-16,0.7191,0.10
2022-03-17,0.72888,0.10
2022-03-18,0.7381,0.10
2022-03-21,0.740999,0.10
2022-03-22,0.739579,0.10
2022-03-23,0.74623,0.10
2022-03-24,0.749918,0.10
2022-03-25,0.751428,0.10
2022-03-28,0.751823,0.10
2022-03-29,0.74995,0.10
2022-03-30,0.751467,0.10
2022-03-31,0.7503,0.10
2022-04-01,0.749193,0.10
2022-04-04,0.748649,0.10
2022-04-05,0.75439,0.10
2022-04-06,0.75857,0.10
2022-04-07,0.750508,0.10
2022-04-08,0.747848,0.10
2022-04-11,0.744651,0.10
2022-04-12,0.741532,0.10
2022-04-13,0.7455,0.10
2022-04-14,0.74515,0.10
2022-04-15,0.741015,#N/A
2022-04-18,0.739382,#N/A
2022-04-19,0.735759,0.10
2022-04-20,0.739399,0.10
2022-04-21,0.7447,0.10
2022-04-22,0.736111,0.10
2022-04-25,0.723694,#N/A
2022-04-26,0.71785,0.10
2022-04-27,0.7146,0.10
2022-04-28,0.71257,0.10
2022-04-29,0.710884,0.10
2022-05-02,0.706539,0.10
2022-05-03,0.7051,0.10
2022-05-04,0.710379,0.35
2022-05-05,0.72529,0.35
2022-05-06,0.7121,0.35
2022-05-09,0.7047,0.35
2022-05-10,0.695739,0.35
2022-05-11,0.6936,0.35
2022-05-12,0.69275,0.35
2022-05-13,0.687191,0.35
2022-05-16,0.694618,0.35
2022-05-17,0.697282,0.35
2022-05-18,0.703284,0.35
2022-05-19,0.6959,0.35
2022-05-20,0.70415,0.35
2022-05-23,0.706289,0.35
2022-05-24,0.708898,0.35
2022-05-25,0.71032,0.35
2022-05-26,0.70894,0.35
2022-05-27,0.709879,0.35
2022-05-30,0.716281,0.35
2022-05-31,0.71952,0.35
2022-06-01,0.718262,0.35
2022-06-02,0.71736,0.35
2022-06-03,0.7269,0.35
2022-06-06,0.720492,0.35
2022-06-07,0.718861,0.35
2022-06-08,0.72206,0.85
2022-06-09,0.718649,0.85
2022-06-10,0.709819,0.85
2022-06-13,0.701828,#N/A
2022-06-14,0.69416,0.85
2022-06-15,0.68899,0.85
2022-06-16,0.70169,0.85
2022-06-17,0.70405,0.85
2022-06-20,0.6953,0.85
2022-06-21,0.69695,0.85
2022-06-22,0.69618,0.85
2022-06-23,0.690522,0.85
2022-06-24,0.69035,0.85
2022-06-27,0.694338,0.85
2022-06-28,0.692252,0.85
2022-06-29,0.69044,0.85
2022-06-30,0.688047,0.85
2022-07-01,0.68976,0.85
2022-07-04,0.68158,0.85
2022-07-05,0.68738,0.85
2022-07-06,0.67932,1.35
2022-07-07,0.6786,1.35
2022-07-08,0.6849,1.35
2022-07-11,0.68458,1.35
2022-07-12,0.674332,1.35
2022-07-13,0.6747,1.35
2022-07-14,0.67323,1.35
2022-07-15,0.675489,1.35
2022-07-18,0.681477,1.35
2022-07-19,0.68102,1.35
2022-07-20,0.689798,1.35
2022-07-21,0.688738,1.35
2022-07-22,0.69229,1.35
2022-07-25,0.690469,1.35
2022-07-26,0.69512,1.35
2022-07-27,0.694739,1.35
2022-07-28,0.69949,1.35
2022-07-29,0.700084,1.35
2022-08-01,0.697122,1.35
2022-08-02,0.70239,1.35
2022-08-03,0.68903,1.85
2022-08-04,0.6939,1.85
2022-08-05,0.69592,1.85
2022-08-08,0.69025,1.85
2022-08-09,0.69877,1.85
2022-08-10,0.695701,1.85
2022-08-11,0.707814,1.85
2022-08-12,0.71029,1.85
2022-08-15,0.711668,1.85
2022-08-16,0.702,1.85
2022-08-17,0.70194,1.85
2022-08-18,0.69304,1.85
2022-08-19,0.69112,1.85
2022-08-22,0.687711,1.85
2022-08-23,0.68787,1.85
2022-08-24,0.6923,1.85
2022-08-25,0.690799,1.85
2022-08-26,0.696398,1.85
2022-08-29,0.686691,1.85
2022-08-30,0.690751,1.85
2022-08-31,0.68574,1.85
2022-09-01,0.68285,1.85
2022-09-02,0.67953,1.85
2022-09-05,0.67903,1.85
2022-09-06,0.6814,1.85
2022-09-07,0.673011,2.35
2022-09-08,0.67514,2.35
2022-09-09,0.67659,2.35
2022-09-12,0.6847,2.35
2022-09-13,0.689398,2.35
2022-09-14,0.6743,2.35
2022-09-15,0.67518,2.35
2022-09-16,0.66873,2.35
2022-09-19,0.6727,2.35
2022-09-20,0.67337,2.35
2022-09-21,0.66942,2.35
2022-09-22,0.66101,#N/A
2022-09-23,0.66454,2.35
2022-09-26,0.65307,2.35
2022-09-27,0.6476,2.35
2022-09-28,0.6438,2.35
2022-09-29,0.6505,2.35
2022-09-30,0.6513,2.35
2022-10-03,0.642096,2.35
2022-10-04,0.65018,2.35
2022-10-05,0.65141,2.60
2022-10-06,0.65127,2.60
2022-10-07,0.641441,2.60
2022-10-10,0.636983,2.60
2022-10-11,0.629481,2.60
2022-10-12,0.626641,2.60
2022-10-13,0.627731,2.60
2022-10-14,0.6301,2.60
2022-10-17,0.622394,2.60
2022-10-18,0.629882,2.60
2022-10-19,0.63164,2.60
2022-10-20,0.62637,2.60
2022-10-21,0.627471,2.60
2022-10-24,0.63719,2.60
2022-10-25,0.63296,2.60
2022-10-26,0.63857,2.60
2022-10-27,0.64935,2.60
2022-10-28,0.645091,2.60
2022-10-31,0.640131,2.60
2022-11-01,0.64099,2.60
2022-11-02,0.63967,2.85
2022-11-03,0.63385,2.85
2022-11-04,0.628852,2.85
2022-11-07,0.643932,2.85
2022-11-08,0.64748,2.85
2022-11-09,0.650919,2.85
2022-11-10,0.643418,2.85
2022-11-11,0.66069,2.85
2022-11-14,0.669882,2.85
2022-11-15,0.66919,2.85
2022-11-16,0.67695,2.85
2022-11-17,0.67395,2.85
2022-11-18,0.66892,2.85
2022-11-21,0.668208,2.85
2022-11-22,0.66078,2.85
2022-11-23,0.664982,2.85
2022-11-24,0.67435,2.85
2022-11-25,0.67656,2.85
2022-11-28,0.671191,2.85
2022-11-29,0.665199,2.85
2022-11-30,0.668409,2.85
2022-12-01,0.67996,2.85
2022-12-02,0.681102,2.85
2022-12-05,0.681301,2.85
2022-12-06,0.670781,2.85
2022-12-07,0.669882,3.10
2022-12-08,0.6727,3.10
2022-12-09,0.67765,3.10
2022-12-12,0.678141,3.10
2022-12-13,0.6754,3.10
2022-12-14,0.68423,3.10
2022-12-15,0.68578,3.10
2022-12-16,0.670592,3.10
2022-12-19,0.668749,3.10
2022-12-20,0.670781,3.10
2022-12-21,0.66885,3.10
2022-12-22,0.671682,3.10
2022-12-23,0.6678,3.10
2022-12-26,0.671249,#N/A
2022-12-27,0.674459,#N/A
2022-12-28,0.672993,3.10
2022-12-29,0.67471,3.10
2022-12-30,0.6766,3.10
2023-01-02,0.68231,#N/A
2023-01-03,0.68056,3.10
2023-01-04,0.6728,3.10
2023-01-05,0.682911,3.10
2023-01-06,0.67557,3.10
2023-01-09,0.689398,3.10
2023-01-10,0.69097,3.10
2023-01-11,0.6895,3.10
2023-01-12,0.6911,3.10
2023-01-13,0.696782,3.10
2023-01-16,0.69735,3.10
2023-01-17,0.69664,3.10
2023-01-18,0.698841,3.10
2023-01-19,0.6944,3.10
2023-01-20,0.6914,3.10
2023-01-23,0.69827,3.10
2023-01-24,0.702928,3.10
2023-01-25,0.704672,3.10
2023-01-26,0.71082,#N/A
2023-01-27,0.71139,3.10
2023-01-30,0.710798,3.10
2023-01-31,0.70581,3.10
2023-02-01,0.70514,3.10
2023-02-02,0.7145,3.10
2023-02-03,0.707469,3.10
2023-02-06,0.69208,3.10
2023-02-07,0.68878,3.10
2023-02-08,0.69646,3.35
2023-02-09,0.693,3.35
2023-02-10,0.693938,3.35
2023-02-13,0.691348,3.35
2023-02-14,0.697,3.35
2023-02-15,0.698758,3.35
2023-02-16,0.69069,3.35
2023-02-17,0.68624,3.35
2023-02-20,0.686941,3.35
2023-02-21,0.6909,3.35
2023-02-22,0.68619,3.35
2023-02-23,0.681292,3.35
2023-02-24,0.681013,3.35
2023-02-27,0.673568,3.35
2023-02-28,0.6743,3.35
2023-03-01,0.673079,3.35
2023-03-02,0.67598,3.35
2023-03-03,0.6735,3.35
2023-03-06,0.675461,3.35
2023-03-07,0.67331,3.35
2023-03-08,0.6591,3.60
2023-03-09,0.6594,3.60
2023-03-10,0.6591,3.60
2023-03-13,0.66342,3.60
2023-03-14,0.66592,3.60
2023-03-15,0.66891,3.60
2023-03-16,0.66183,3.60
2023-03-17,0.66634,3.60
2023-03-20,0.671321,3.60
2023-03-21,0.67169,3.60
2023-03-22,0.66779,3.60
2023-03-23,0.669931,3.60
2023-03-24,0.66816,3.60
2023-03-27,0.665531,3.60
2023-03-28,0.66601,3.60
2023-03-29,0.670691,3.60
2023-03-30,0.668248,3.60
2023-03-31,0.671682,3.60
2023-04-03,0.66589,3.60
2023-04-04,0.67885,3.60
2023-04-05,0.675808,3.60
2023-04-06,0.671668,3.60
2023-04-07,0.667601,#N/A
2023-04-10,0.66735,#N/A
2023-04-11,0.66483,3.60
2023-04-12,0.6654,3.60
2023-04-13,0.6699,3.60
2023-04-14,0.6784,3.60
2023-04-17,0.67052,3.60
2023-04-18,0.67004,3.60
2023-04-19,0.67357,3.60
2023-04-20,0.670551,3.60
2023-04-21,0.674318,3.60
2023-04-24,0.669349,3.60
2023-04-25,0.670381,#N/A
2023-04-26,0.66364,3.60
2023-04-27,0.660838,3.60
2023-04-28,0.66304,3.60
2023-05-01,0.66124,3.60
2023-05-02,0.66228,3.60
2023-05-03,0.6673,3.85
2023-05-04,0.664152,3.85
2023-05-05,0.66961,3.85
2023-05-08,0.674768,3.85
2023-05-09,0.678099,3.85
2023-05-10,0.676691,3.85
2023-05-11,0.678191,3.85
2023-05-12,0.66999,3.85
2023-05-15,0.66469,3.85
2023-05-16,0.6703,3.85
2023-05-17,0.665779,3.85
2023-05-18,0.665562,3.85
2023-05-19,0.662998,3.85
2023-05-22,0.6661,3.85
2023-05-23,0.664969,3.85
2023-05-24,0.661358,3.85
2023-05-25,0.65451,3.85
2023-05-26,0.649849,3.85
2023-05-29,0.652699,3.85
2023-05-30,0.65285,3.85
2023-05-31,0.65178,3.85
2023-06-01,0.65064,3.85
2023-06-02,0.657799,3.85
2023-06-05,0.66,3.85
2023-06-06,0.661349,3.85
2023-06-07,0.667909,4.10
2023-06-08,0.66586,4.10
2023-06-09,0.67126,4.10
2023-06-12,0.6745,#N/A
2023-06-13,0.67531,4.10
2023-06-14,0.676929,4.10
2023-06-15,0.67969,4.10
2023-06-16,0.68803,4.10
2023-06-19,0.6876,4.10
2023-06-20,0.685138,4.10
2023-06-21,0.678882,4.10
2023-06-22,0.67987,4.10
2023-06-23,0.67607,4.10
2023-06-26,0.668052,4.10
2023-06-27,0.66745,4.10
2023-06-28,0.66814,4.10
2023-06-29,0.660062,4.10
2023-06-30,0.661971,4.10
2023-07-03,0.665832,4.10
2023-07-04,0.66741,4.10
2023-07-05,0.66927,4.10
2023-07-06,0.66569,4.10
2023-07-07,0.66284,4.10
2023-07-10,0.668838,4.10
2023-07-11,0.6679,4.10
2023-07-12,0.66938,4.10
2023-07-13,0.679279,4.10
2023-07-14,0.688862,4.10
2023-07-17,0.683779,4.10
2023-07-18,0.68105,4.10
2023-07-19,0.681482,4.10
2023-07-20,0.684088,